x-entity;Anarchism;Antisemitism;Capitalism;Christianity;Communism;Conservatism;Democracy;Fascism;Feminism;Islamophobia;Left-wing politics;Liberalism;Marxism;Nationalism;Neo-Nazism;Protestantism;Right-wing politics;Secularism;Socialism;White supremacy
Jo Bonner (R);0.10201715015751496;0.09491971528514986;0.0935970635920591;0.07803820403645167;0.09217022904721732;0.0950472450010774;0.0922394523075624;0.08729622193407817;0.07983148791881142;0.09852684359565274;0.09835274995768424;0.08921285812659151;0.09159487044243823;0.0980036613903399;0.12756900913514546;0.07949397780774367;0.08873527453553395;0.08590073213416291;0.09913147107175688;0.0982363181662924
Martha Roby (R);0.09701965724412832;0.09683119121190144;0.09747945758250848;0.07903688895587792;0.10282833309514322;0.12061274037144927;0.11520660664208153;0.09862028906132793;0.0955097353084718;0.08983318087011828;0.10118699987274632;0.10760171914789332;0.08536662797379346;0.08744697153819891;0.12004213957254085;0.09401577133053944;0.10897238239747573;0.09687354231812126;0.11715506947548456;0.09723646530527616
Mike Rogers (R);0.09368090255923073;0.08822947077348497;0.09217285486766963;0.07930724766692569;0.09387793432752374;0.08445059397642092;0.08091969982941825;0.09750105234414663;0.0861081803054314;0.07705050829675629;0.08815302314355315;0.10154667752689234;0.0903753085041887;0.09479299835833277;0.11646478258176117;0.08154899288796696;0.08356523272015917;0.07222125163952366;0.1031812568283551;0.09194244072083396
Robert Aderholt (R);0.1262217270648556;0.11144948045553074;0.10592503724654184;0.09348884659632352;0.115160602623519;0.14455174867138684;0.11657575438381475;0.11346488668842135;0.09244496780465347;0.09603151958834164;0.11874840317358434;0.12177581656390712;0.09147847851356876;0.10554310689618834;0.15964472303993973;0.11086216247804127;0.12517931216584016;0.10423682748093163;0.1302884297898964;0.11409872986497352
Mo Brooks (R);0.12141583745797455;0.10141094546289592;0.10398418066489223;0.09480087517318593;0.11369191430929335;0.13457241559728386;0.11968636700461953;0.1179200649915462;0.08984286664291039;0.09377372977062552;0.11581034567805608;0.11757483312910882;0.0907434699752845;0.11142828064684772;0.14798203193272266;0.10779046767266023;0.11554945714194208;0.09582404806697692;0.13395479124068094;0.11462417016023095
Spencer Bachus (R);0.1290106641389902;0.11681610862054966;0.1070472107030616;0.08729889807686846;0.10942946365801197;0.12201235314608487;0.10354027123940926;0.11922885434283224;0.09679770981033116;0.098723061878283;0.12053666478865765;0.1224053978400709;0.08651266617449636;0.11220153655603768;0.16163717979473924;0.10714064267367836;0.10657371614288673;0.08981055454625486;0.14098765797451052;0.10096593992814548
Terri Sewell (D);0.111118637494951;0.104006685095113;0.09978595355888878;0.09330174685885624;0.10833432058945604;0.10464296352353464;0.12536213363639193;0.10866052452226836;0.12147659717623766;0.09103728759692678;0.10548048947099098;0.11719821072528225;0.08994349268978892;0.095035408861951;0.1420454696297399;0.11066645246621687;0.10032836698816756;0.0987950131544449;0.12104650129222312;0.11521428064970203
Paul Gosar (R);0.10656122098708262;0.09654193079793874;0.09457188180533507;0.08604654827504059;0.09409795749609157;0.11158331905987123;0.10616477612273104;0.1080294123029289;0.08638285709834735;0.09539510809972376;0.11519130236990445;0.11412827154282748;0.09860511636799517;0.11118693118854638;0.14712774331425135;0.08843711171236282;0.11069634323898186;0.08837740405503566;0.1167226113814835;0.10726046820514597
Trent Franks (R);0.12078211490761676;0.1220058547008501;0.09468032114020047;0.0955419160996871;0.09403327386851587;0.1091326838787898;0.11013219858266446;0.1044835110180791;0.09900375982833344;0.11387496864547453;0.1235718380447654;0.10635331351097438;0.09052910715431467;0.10821451391567358;0.1429290302751576;0.09774072141915303;0.12275398982958954;0.0907553275292488;0.12420351514027295;0.10950008208432123
Ben Quayle (R);0.11922622098291395;0.10858095693826086;0.09723856466982342;0.08717370310745172;0.09581175832074232;0.11988368452848915;0.10763464736095092;0.11133840396587136;0.09719435416056353;0.09052280251131213;0.11541791164193595;0.11720524310599448;0.09092222192950487;0.11108907590243797;0.14863901649315595;0.09520097492231863;0.0981921206605085;0.08336413699207224;0.1231919516949907;0.10022946653329626
Ed Pastor (D);0.14063585851501742;0.11641224931334065;0.0978146899444278;0.0940735098478595;0.10453624084916772;0.12030893944536145;0.12034425415547174;0.12130460758128148;0.10396057467626624;0.09350222118717487;0.12802819310626193;0.12995925439410855;0.09369715203379868;0.12260332500856508;0.1637551110384353;0.10595248056058992;0.11467857586316882;0.088179923380841;0.12102899757832082;0.09977737041753218
David Schweikert (R);0.12062786793038036;0.1125811287359913;0.11432194767665405;0.08939212492136694;0.10732980482061152;0.13275820128053273;0.1187547918561742;0.11706861125277845;0.08926359032695566;0.09646282303504494;0.14065025678480364;0.1338452206372402;0.09681879381178334;0.11771208443513295;0.1469045961436296;0.09665161494108596;0.12365161990460913;0.09952735318254127;0.13120376082506566;0.10367416797599524
Jeff Flake (R);0.11971605956804535;0.09858313676211536;0.09971263361061458;0.09031674459378468;0.10779558156898444;0.13101972598332;0.12859785710128993;0.1120406223432017;0.1000684169347704;0.09974592136611407;0.12348618508605982;0.12170389893809165;0.09405510174647652;0.10989283897027807;0.15089335262755546;0.10786113357550636;0.1176429838489942;0.08839382520870069;0.12535349675849167;0.09932547933028743
Ra√∫l Grijalva (D);0.13539846934011873;0.12102864059521345;0.10994602915686516;0.096390577603611;0.11109535993119027;0.1210794339953023;0.1362594033186689;0.12248101430217899;0.08862828964798472;0.10318843354005727;0.13569827022619954;0.1332897240825129;0.10224047617358006;0.12625763599845768;0.17449978938484226;0.10292641374548056;0.11789229211172594;0.1012214006905155;0.14281797812297764;0.11830681716047994
Gabrielle Giffords (D);0.13384253479177488;0.13184960290232756;0.11173324546759324;0.09840892284167617;0.10875525209988456;0.12197108233804052;0.1147585709543038;0.13633230877189173;0.10684274118751172;0.10114877432658416;0.13694954852913466;0.1323788965580356;0.099126696105932;0.12851107886404045;0.16915407051686768;0.10491920321737708;0.1183674468941898;0.09312019799226587;0.14217729675305474;0.1060305515564156
Ron Barber (D);0.10369687664963287;0.10075881002830192;0.08888563780634104;0.0809453387785874;0.08813647997801767;0.10170821948790816;0.1068363874409214;0.09794510680447938;0.08868334327099611;0.08934340278195636;0.09118928550581176;0.09732464522202484;0.08623853264954859;0.09521603160826417;0.12355756990656305;0.08368964678451161;0.07984892203207129;0.07284212833174772;0.1131021503435779;0.09630213863801916
Timothy Griffin (R);0.10197213720722256;0.093774694464513;0.09816958318317932;0.08513102639300718;0.09995201359880937;0.09552805681860008;0.10889011100201117;0.10639408117636913;0.09105050985172583;0.09522904061513428;0.11449302693090807;0.10409307551859508;0.0969509095564293;0.09316113765614213;0.13353207430287894;0.10334595842047913;0.09106653764798364;0.07748384933385104;0.12042551911466262;0.11306871457722642
Steve Womack (R);0.10915616197581857;0.09944838116824367;0.0984436176683484;0.08660724503676415;0.0975252353524286;0.09875584458789216;0.10695344376447954;0.0934446641033132;0.08718321404342827;0.09097210613914147;0.08886237912835643;0.10158694990369968;0.07474146050721006;0.08767037962874089;0.12037945980496075;0.1050374979714112;0.09142499131538603;0.0846591056503395;0.1101116004324688;0.10348604340104442
Mike Ross (D);0.12249159620185687;0.11106036465423516;0.09286388741312747;0.0943605211581692;0.10279091974746712;0.08798351257690817;0.09604294647766808;0.10732219206964448;0.09763342240269653;0.09601459884049883;0.11674768452192087;0.10745596819895052;0.09657185605049684;0.1167247232095086;0.1397401351123512;0.10834157274064077;0.08893446440297922;0.08332671272089406;0.11194931381045377;0.1092692683346537
Wally Herger (R);0.11227260901742096;0.09253405870773744;0.1033000861138482;0.09268482028904612;0.08408398440595602;0.10821895554248256;0.10274053863915313;0.09874963809082164;0.08126648349574858;0.07675670365339156;0.09199078250075074;0.0964622077973251;0.09701117512524253;0.08837676899554618;0.13133612317955146;0.10199330981127636;0.1005187022850948;0.08219939045872271;0.10688678777062607;0.10003209360062654
Dan Lungren (R);0.11237217433838556;0.103731237264663;0.10413488228284816;0.08352195174808627;0.10658895503567843;0.12618390436418558;0.10705539695844947;0.120445350873711;0.07995958942700437;0.08774355101393556;0.12205947988397865;0.10231485186788908;0.08545130218814702;0.10252118336048656;0.13615484803577965;0.0941686234535635;0.10982645053445586;0.08412510950857757;0.11675724566328274;0.11166156344028844
Tom McClintock (R);0.0932008481472939;0.08772994226073108;0.08052442330990886;0.07837651381598694;0.08712478914528733;0.09930934279403207;0.09783321468294094;0.09671076401340914;0.0891943192479476;0.08038540401205037;0.1142956194803212;0.0990621295150998;0.08317074487521976;0.08967446069106925;0.12199614276884785;0.08443231600667261;0.10032777457016168;0.0809956770366744;0.10349697348886036;0.11892558731349626
Doris Matsui (D);0.1173300972284402;0.10963796303174;0.11395767349194913;0.0862387957192268;0.10630816358480373;0.10950481527629764;0.11988773267713265;0.10679265702135173;0.1031419795533358;0.11442025941122365;0.10905955760347813;0.11209013012566307;0.08216093092482173;0.11670125394134055;0.1500930268457655;0.09072159585968873;0.10964793503080784;0.1172954404358045;0.12452018244838192;0.10354203759502524
Lynn Woolsey (D);0.10457611810086052;0.10762035567745612;0.0789859969704338;0.08696148083165774;0.09075935450417508;0.09090453833499997;0.10664809303690054;0.10126998491856803;0.0944131102316074;0.1046530752873736;0.10141456251687177;0.09807247605516817;0.09031542297926157;0.0935453657815276;0.1500209242157047;0.0932359277673169;0.0819397256360352;0.08066832862153027;0.10714751247906283;0.1048186194968326
George Miller (D);0.10149451924123144;0.09546426623582628;0.0855571607604922;0.0828069892819809;0.09355186876247536;0.08695996361882811;0.09174779833534603;0.09578506301341576;0.0979743078092449;0.0858942199589781;0.0946121099825542;0.09415959800939327;0.0934220524928125;0.09823636158576826;0.10733574431772376;0.0904935181015035;0.08624406525851497;0.08210099005569496;0.09838425324040884;0.10039840409305474
Nancy Pelosi (D);0.13236407991663587;0.12413529843549627;0.1164139581711176;0.0984102938965534;0.11923442021307952;0.13660116733124308;0.14993951596928684;0.14074963096312326;0.11437639840625975;0.1090277546763603;0.14220656275873375;0.1321704343066333;0.10503878291655333;0.13250553443389052;0.1771484595555532;0.1090441477250618;0.14026922436149405;0.11035705158240536;0.14533602688479652;0.110915076801076
Barbara Lee (D);0.12375372371999747;0.10991745743203853;0.11220318544510244;0.08604652787624087;0.11260459334352495;0.14051590347780069;0.13811869006703115;0.11956699473836575;0.12038864141056108;0.1139408480812404;0.11195477473420752;0.1305483389869058;0.08717058471512626;0.13637705124297494;0.1679206376036856;0.09557316456812168;0.11605176372428964;0.11415583708236055;0.13650558459639656;0.10416291075930638
John Garamendi (D);0.12614446613523805;0.11244303753306904;0.11084555540150016;0.08628276206568816;0.11078360202000244;0.1179899996064529;0.12601413502788114;0.12423170924986668;0.07973506151714367;0.10363126663655806;0.11175489874400933;0.11253652655907784;0.10111278648934308;0.12016794350093632;0.15145813643876566;0.09583449725681857;0.10439105273148852;0.08637455760920956;0.13239140715239262;0.10125426428111776
Jerry McNerney (D);0.10911983255365088;0.0986689221418739;0.10556792479684064;0.08550176622987163;0.10209043615966658;0.0962506217532814;0.10940065009031867;0.09519898871850603;0.0916293361698647;0.11029080202554148;0.09117941230260967;0.10339938577715227;0.07338690032825046;0.10735387515206277;0.13363688819594688;0.08796934279336294;0.09051525117532733;0.11079264584873452;0.1132733270057316;0.09522576307025638
Jackie Speier (D);0.10447801372470014;0.09435948641784997;0.08622614755537687;0.081949449473322;0.09234243290918902;0.10049769541340513;0.10065250390901832;0.11718935574805285;0.08686398543834423;0.0828501161697218;0.12322587918964532;0.10096639512472527;0.07795260058071024;0.09916843727584078;0.1507042572833612;0.09327688224934563;0.10659734463677692;0.08636487151145046;0.12269255781445156;0.1136016994002491
Pete Stark (D);0.1089676577038564;0.09908589739246054;0.09374254980189996;0.08342795702274286;0.10194730842050954;0.10155667763276356;0.1062208576848416;0.11687513141961753;0.09945531739273444;0.08570824620836015;0.12031590856422815;0.10451094336188642;0.07959624952755423;0.10892458241766056;0.14175687402497755;0.09547641451863227;0.10152319679995876;0.09004494098111789;0.1200162517895976;0.08684095917711539
Anna Eshoo (D);0.09342940037492697;0.08803283680639715;0.08846747249435775;0.08560624487721005;0.10173383946232252;0.09477484766155972;0.09458311112387288;0.09050029568282536;0.09160498669040007;0.11312576370790402;0.0984185457401172;0.09478207262209336;0.07630837267665211;0.08897938045256543;0.12150802169613348;0.08949099913753528;0.09449033994066576;0.08945493746232808;0.10688982877626936;0.11288989436287315
Mike Honda (D);0.11112847993791264;0.11649987492282662;0.10606465660213228;0.08862484728371847;0.09737377375998818;0.1205648746684699;0.10332605301647216;0.10783257168790247;0.1030171776101148;0.10070212776855868;0.11503970942851975;0.12937987172543314;0.08965608642894571;0.10231059282489477;0.16205195737150688;0.10109655343233157;0.11295215043421188;0.10238442667242452;0.1234508301921476;0.09647862156203436
Zoe Lofgren (D);0.11167115869494422;0.1008855615429912;0.1005691448051645;0.07876072641411783;0.09771820296805137;0.09385514992662404;0.11363476899448273;0.09061069385939427;0.09285996400696278;0.1063782836955062;0.08855095639802649;0.10156497050206108;0.07175431680779701;0.1042849043914772;0.12928396470193448;0.08551772631284425;0.09495280735256384;0.11267084730304508;0.11120530827274984;0.09637478542765364
Sam Farr (D);0.12285270596353624;0.1105031610688191;0.11032918029390694;0.09073031602738932;0.11327781096201155;0.10694892325304464;0.13891633105649698;0.11491038825088926;0.09812336948009924;0.11357238015434885;0.10619099155781966;0.12236338076709935;0.09030854339956093;0.10812883182500296;0.15755102527706072;0.099883652710835;0.10326112684982876;0.09466826699531353;0.1300986343574389;0.09863883923652007
Dennis Cardoza (D);0.11577362895434012;0.09930221350896656;0.08328684940221766;0.08106040047982402;0.09745456513019207;0.11310732742834613;0.09784221322037936;0.10396438268252872;0.07245148086865484;0.07544154482465773;0.12179716209409433;0.10425486696466374;0.0760951778716618;0.09937044542727827;0.129277299043733;0.09386426261578854;0.11494438381231036;0.0794598169180519;0.1250131196467998;0.08354103145337742
Jeff Denham (R);0.11927507264430084;0.11013489625951868;0.1144392109179093;0.0837596231510083;0.1131216229138419;0.11901537731820723;0.12329304572571224;0.12325921495131055;0.09660010780158948;0.1153580388405868;0.113331005233475;0.11631151718044976;0.10036475572038916;0.12213875632469462;0.15552419573580994;0.09119843331055737;0.11336553967311265;0.12134379926937593;0.1379121686919388;0.10581038963897324
Jim Costa (D);0.10113894006399048;0.09221757484413473;0.08280528808185286;0.08160554531420244;0.10457310281006248;0.09728933189412177;0.0987234866125482;0.1016731188289736;0.07515021037312189;0.07601747101131567;0.11825525670717235;0.0963174056938282;0.0939205456936047;0.09750416175462183;0.15785529206170226;0.08799365266635621;0.09626381403745156;0.08104273895605033;0.12521658178484082;0.09865547085524934
Devin Nunes (R);0.10036320674906632;0.11136056728823857;0.10130966282615353;0.08145528128501048;0.10621174491366764;0.10534706755488192;0.09326538424129817;0.1104980602828766;0.08918202719210523;0.1024198588618612;0.09815561752316204;0.10148906715570644;0.09759525784257887;0.11608769117196067;0.1483171230867566;0.0894504041773966;0.0957341897498378;0.0829058531252585;0.12273997774915275;0.10996815107870599
Lois Capps (D);0.10419241281818532;0.09884428378826374;0.08190169613013054;0.08094700894507728;0.08789882234675793;0.10109461687075666;0.08988023791167384;0.10633509939097416;0.08355818953723995;0.08098473871703153;0.10037424999784578;0.0979715277631838;0.07557403709797472;0.09935637082832574;0.14291033197309655;0.0904726365995202;0.09144909190540663;0.07978882733986191;0.10664560269256744;0.10757211036271444
Elton Gallegly (R);0.08485293391514151;0.08686725727059802;0.0791605954616873;0.07375348842610152;0.0786434655760413;0.09209753277359042;0.0949389570722622;0.0933427076451328;0.08422105198325476;0.08019505819933685;0.0862249635308586;0.09101507538752801;0.0709302471700665;0.08198889057941823;0.13616068218254276;0.08036968905412667;0.10103609367090828;0.0833459757422685;0.09260394404385112;0.08385210502720962
Howard McKeon (R);0.12443030410138302;0.10315523766827554;0.10543964423658853;0.09554674244019523;0.10582750905087633;0.11712602585924163;0.11716322346357193;0.11535138706291173;0.08773605574208238;0.11493573427689174;0.10198648441194692;0.10495029268609783;0.1004303556045251;0.10456925334986136;0.16108534474942238;0.09940947929693196;0.10567908316397062;0.11400046997800528;0.12170828740766285;0.09895255133872792
David Dreier (R);0.10724069764984592;0.09990453411425433;0.09575176970121382;0.07773823836676981;0.0980579391007884;0.10558121760847802;0.11153125047288358;0.10045671331923862;0.0886808882936046;0.08304549471773856;0.11130161725914424;0.09980710089811204;0.09286521368785527;0.09843214671214573;0.1295951188742897;0.08604135924237072;0.10696690272981377;0.09521106780219732;0.11026181247028492;0.09811621099547896
Brad Sherman (D);0.10336536997252656;0.12578914838352684;0.10498601230567267;0.10230673334217304;0.10659083252352976;0.11907388146926115;0.09304152215302984;0.12029221189048185;0.086845816635825;0.10857404296447554;0.10735264104267993;0.10677519380638316;0.10064775886688226;0.11715837969499387;0.14819033144044275;0.10449983729549528;0.1051750501420121;0.09511188899256157;0.1222857185808377;0.08922852666740326
Howard Berman (D);0.10582262049931833;0.10063456058561987;0.08701277722270181;0.0833140668107501;0.09038460747406372;0.1111238962261463;0.11590147655422788;0.10063026869714163;0.08393908534973442;0.08600085572893805;0.12031670900248473;0.10232404697037653;0.07874537357843281;0.09611878148750892;0.12953215509018873;0.0910492973005939;0.1200893693649929;0.11265561397192292;0.1109612639854411;0.0908874065495637
Adam Schiff (D);0.1046738530236486;0.11585891178447855;0.10347849265615372;0.08439474161488368;0.09679219103735813;0.1067583200852991;0.11430445816754135;0.11596204258076928;0.07950690479470157;0.10537931784785988;0.10251891175961607;0.11633225426421892;0.09953334930523228;0.11920458948780295;0.15501345520547827;0.09363279117616163;0.11054435389573672;0.09947873742792576;0.12364275846531368;0.12679709315105375
Henry Waxman (D);0.12965580441056945;0.12131052971690652;0.108102874135284;0.08978599356220522;0.09503485565012013;0.10779434561619257;0.13847648686571534;0.11018220490003014;0.09994871328550932;0.1136375896344162;0.10964592639901236;0.12050235640936473;0.10769924067024522;0.11329707265572612;0.15415155752044776;0.09677898527080507;0.10970883004366512;0.09889647914235776;0.13148946921745613;0.10778787182869197
Xavier Becerra (D);0.11536503819078996;0.08837894426067304;0.09028600073094696;0.0789138623489775;0.1011633177211408;0.09294274416055172;0.10801199210841694;0.10977148650861107;0.09198206562078226;0.1067769618036989;0.10681179015614728;0.09619354603500782;0.0973763413462677;0.10096729182876417;0.12205074933979873;0.08421057091752182;0.08827696346574859;0.10741725412362953;0.1142718243932688;0.11595355303368192
Judy Chu (D);0.1050359896027636;0.11253947049601956;0.09687213710831363;0.08237308696554688;0.10126058469668764;0.10237330416159232;0.10514778293351623;0.1055914417520564;0.1045978875037745;0.11511250256352115;0.110829117395099;0.10011495644337097;0.0999717340749186;0.10622038382889253;0.1468244897244084;0.09510719190159356;0.1017172994949227;0.08876056374154176;0.1155702601625361;0.10010724218283712
Karen Bass (D);0.11456342207613965;0.1027712316515009;0.0939217970371293;0.08544595018509779;0.10245588082813456;0.1253769973445263;0.10526473029901737;0.10876285026103227;0.09132061069679777;0.08753092612230995;0.11395320450139612;0.12980786837096506;0.08618133152003371;0.10806831597712203;0.15420308167300578;0.0985622267468206;0.11736626628925916;0.09695644005601677;0.1231708561404256;0.097264134787317
Lucille Roybal-Allard (D);0.09676778681665273;0.0891330891281357;0.08521306171242712;0.07796902298814025;0.09143754572725783;0.1022316191744198;0.09278773040305333;0.08951522091977446;0.08662082359430101;0.07942080924730373;0.09135093159507783;0.09093376729246516;0.07622249820414848;0.08541579979852149;0.11246884433128364;0.08691216549270878;0.08144752823421463;0.08810186758229532;0.1062497414447818;0.08237085922832192
Maxine Waters (D);0.11171235627344436;0.11515702637072688;0.120248139611587;0.09345359380937272;0.10722226078416698;0.10702912472660213;0.12141920737085166;0.12332906165855467;0.1011448297909266;0.1145471539785941;0.12144545260580468;0.11328471817799725;0.09935336585062496;0.12035676107475955;0.14810717248903854;0.10429103154625717;0.11123969613322733;0.09291835028810436;0.13518359361622326;0.11880317358879415
Jane Harman (D);0.12187974887990102;0.1247431053924452;0.09690243962272384;0.08866625496967348;0.1024807387428945;0.1132424166807123;0.11710778597682807;0.12129371418479475;0.08764632892371935;0.0822918953472123;0.12226303004759348;0.1323750267931203;0.08428344852903487;0.11230540097328524;0.16744232369096074;0.0954448196863647;0.1072899087404603;0.08750443178299666;0.1307842904471014;0.10905801876606903
Janice Hahn (D);0.0967493459619149;0.08913128300126462;0.07950187252852167;0.08814331604113612;0.0904936677331316;0.09088093709040236;0.09494757538749002;0.10862635316273493;0.0833102232188679;0.0770952295523706;0.0909171441099661;0.08968002584038573;0.07289422469126851;0.08505551131737213;0.1321189949586904;0.09237831381587266;0.08743455929012459;0.07628023364740355;0.10488160527043697;0.07935377086535511
Laura Richardson (D);0.13067589073525898;0.10896574819627687;0.08774403651818516;0.09000775770467154;0.10508507433106154;0.11692412632092007;0.1221197676028816;0.1182897044031728;0.08486324748585186;0.09325958789455474;0.10710949520097092;0.10317865312666133;0.08213760346942611;0.1045409909404782;0.14095641026677164;0.09668841525018662;0.10121198108903952;0.08340068465340836;0.12718934840622112;0.0985121846813371
Grace Napolitano (D);0.09841824840864988;0.0912870224290766;0.09226170622995124;0.08015260601767607;0.09051677258292257;0.08962510898368171;0.09116489990286188;0.09568315556728783;0.08553459421858872;0.0796757969911987;0.09831311488417638;0.09343450525487404;0.07790065474165772;0.09098652221385092;0.12056037427906598;0.08752366756591595;0.09115654436613524;0.08148117496243931;0.1078151169773082;0.0815082498538397
Linda Sanchez (D);0.12889748847578514;0.10885076248169387;0.11288141394489327;0.08562372176704591;0.11140940627685288;0.11810765129506445;0.122730577000187;0.11092126713019088;0.1156573229676214;0.11228422048474887;0.13894348157719855;0.1342980462425632;0.10340765682612092;0.1134726661070206;0.1504337480561453;0.09214084988907456;0.126525374253962;0.11016349884231644;0.1311720582804599;0.12772231764033032
Ed Royce (R);0.11784046543216599;0.1086278208294602;0.10011841130341242;0.08691050559573862;0.10244347816497994;0.11918292412794727;0.11938658493168496;0.10925895246055707;0.09251829469257096;0.11468069784020694;0.12644295065389607;0.11781820681036892;0.099640281931086;0.10444248348572148;0.15391594634564068;0.09080921077002484;0.11315423488330435;0.11528477854399168;0.1245862656249176;0.09711110782534564
Jerry Lewis (R);0.11697536350512848;0.10977591293106076;0.09956247068374728;0.0832853597280318;0.10347665795412554;0.09452970254384166;0.07586815129445619;0.11335904721439648;0.09428008475893672;0.0877326992482302;0.10555004785544216;0.10600931727284807;0.0969069022409746;0.08949603777379853;0.12323345731843302;0.08290495257001672;0.09472459404096728;0.07105207201683247;0.1136234163116266;0.09093300182342312
Gary Miller (R);0.08973880105582975;0.08457575259789786;0.08715107976977858;0.07944688883981335;0.1036070221776744;0.0947505648757879;0.0907109570150683;0.10213639915907193;0.08278685265207603;0.1083168220131112;0.08873362669496493;0.08802770570558986;0.07825876446057478;0.09281178108496947;0.10978503538519532;0.09298498659985573;0.09430447993703743;0.07365206643414407;0.117023648461735;0.09549569458437962
Joe Baca (D);0.10316325723282016;0.09546314614675347;0.08864212649898774;0.08485223789184049;0.0942465403393168;0.09865513195236428;0.09455228843929868;0.10626276182119804;0.0741490185613482;0.10858342350424846;0.1162132369732078;0.09597802067543074;0.07522630432844403;0.09536393855060353;0.13059993716117232;0.09079302210954164;0.09610805606658618;0.08272115892112332;0.11059758436743036;0.09331959902718544
Ken Calvert (R);0.10457579599901416;0.0980264856237166;0.09284505925533028;0.0826529677067622;0.0946820065175374;0.09785274198658178;0.0949204935257229;0.10628865045441167;0.0857353904259047;0.08095871422598544;0.09801995536051727;0.09723593357622146;0.07854758310665896;0.09657135638771304;0.1334499401617891;0.09105004666795444;0.09551318282226356;0.08399388604930469;0.1100917308078439;0.08588975633338078
Mary Bono Mack (R);0.11139386285521843;0.10047541206209196;0.0902967376592573;0.08903823793103176;0.10644372096365476;0.12201089162341044;0.09123158013431712;0.11282774484176852;0.1060911193754812;0.08289049587224996;0.10920961791305216;0.11037389831555823;0.07805179886470058;0.10412279131725782;0.14671280823623234;0.09679817524027086;0.09994129991158862;0.08432990911942517;0.11860624964745722;0.11954604374569915
Dana Rohrabacher (R);0.14939392345885566;0.13006413849485907;0.11765087183371048;0.10332067488817448;0.12906914968956634;0.14011387249521354;0.14262695065158068;0.13816735381743184;0.10770165775312826;0.1259557363911717;0.14636838670768007;0.15096645066970238;0.09847270153719427;0.13654429490355566;0.18168321123492434;0.122507559971596;0.1429669720783189;0.11770273008154485;0.14531883355325476;0.12990922608296496
Loretta Sanchez (D);0.14104421570424455;0.12633977688467493;0.11099878461869056;0.09252056302225634;0.11453701967428888;0.13440143683014485;0.1320600751433472;0.13448680949577882;0.10834095536946314;0.13415115242817133;0.1435293713207222;0.13060804880149246;0.09004652238330642;0.13047677801660262;0.1740228716216407;0.10229596236960843;0.12244903291015373;0.1196100733157753;0.14132458695554095;0.11053525714016904
Darrell Issa (R);0.11787948467864633;0.11972869101554727;0.0997524044166337;0.090959878920552;0.10345716862012372;0.11669543145239387;0.12371230806896655;0.11267348489564745;0.08103713379882768;0.08798886617610531;0.12884991321922631;0.11371051726379865;0.0821942484790757;0.10921261873652438;0.14738557157664658;0.09664668637669067;0.10754751762462753;0.1090693960822709;0.11744500382297075;0.09719295703244198
Brian Bilbray (R);0.12004774124916145;0.10594779864255496;0.09686559976015216;0.08039219458644929;0.10049323292789432;0.12100508054086885;0.09630591593990273;0.10239911586063012;0.08845270471654867;0.07965065980855318;0.11391718207155055;0.09032151442230976;0.07560029532951795;0.11214047511354597;0.14022990730276666;0.08761094619662221;0.10080211478209453;0.07552044046629039;0.11982999038422094;0.1005167661092477
Bob Filner (D);0.10858804575785408;0.1087215236071282;0.10151830613433824;0.08474973086149024;0.10459154541351616;0.09114176943666036;0.11425512263307508;0.106908387967628;0.1018703516407936;0.0850895546349891;0.09996797482579384;0.11244605878200896;0.0962047810611282;0.11001670272437636;0.1417871057757409;0.09089597133470724;0.09096513213925586;0.08854784266667437;0.11357895704924413;0.1070057881977926
Duncan D. Hunter (R);0.10784087905884744;0.1058178739630166;0.09132547734360592;0.07957746687349647;0.09171567229417728;0.10203814357727027;0.1036501781536182;0.10416866129204387;0.09817308838583602;0.08077316277530779;0.11018414946762196;0.10434511833899378;0.07440044588117534;0.09845377712859467;0.14009080593716042;0.08568249360318447;0.10493736146723127;0.09379842322951823;0.11919884953894926;0.08877069029128554
Susan Davis (D);0.12664148300183214;0.10320541032532256;0.10269379725141788;0.08670977930712406;0.10772068348708264;0.10632230258918024;0.10943925270264382;0.10768494578010146;0.1087839356431212;0.08642593487454919;0.12001414467640573;0.10583378933310476;0.10200019070226077;0.11525818293469416;0.1394909862119455;0.09318632297902962;0.10446368812400314;0.09357487383323952;0.1299719618471218;0.11246910390933154
Diana DeGette (D);0.08256941128321868;0.09126033674293167;0.09063898504705496;0.07601694738984068;0.09311920465221067;0.09542328926505153;0.1068948000646878;0.09254030060610452;0.09387115014299258;0.08533282768299544;0.10714250680964016;0.08412817832449454;0.08387722425513232;0.09433129683658696;0.1208203128521;0.07583197857310697;0.0929410047009374;0.0904526819062369;0.10641151911968873;0.08712763929634756
Jared Polis (D);0.1171419087075102;0.11144217325079614;0.10054954344832992;0.08863855695336638;0.09768351160714707;0.10485195129953404;0.1079657471189122;0.10442590303545952;0.09347544662931412;0.1078205506948137;0.1212596873708033;0.12371801940669876;0.09960911700872224;0.10165165416462366;0.14305692332828154;0.09032079179060287;0.10636716349558567;0.11231620194571074;0.11188171348945622;0.09695384211736784
Scott Tipton (R);0.11312342087401354;0.11001602190176693;0.10493166120334106;0.08555401311362136;0.1032465559522674;0.10732081394224148;0.11891725123272533;0.10768686465834387;0.09992112509443617;0.0963070394032608;0.1153805846566543;0.12023346380087062;0.09189246010271884;0.10670789600470107;0.1327032006268495;0.0917737624124874;0.11983591877073888;0.0956371156931936;0.12315085358197313;0.09926553877676043
Cory Gardner (R);0.11207609297818773;0.09133814952892164;0.10683792263476807;0.08190588433513571;0.10087063791846154;0.10268732655921;0.12706418150260482;0.10025897416597128;0.09725200492541232;0.091586099856039;0.12086716869795637;0.11747948997214305;0.09125094257730457;0.09982203472148043;0.12007910802249605;0.08497879297163513;0.10588488562653164;0.09486407174627057;0.11725574626774013;0.0953045778181747
Doug Lamborn (R);0.105422421635548;0.11025009026786843;0.0969801996061022;0.08344433305631868;0.10443835743280076;0.12685437294543847;0.1118518529258118;0.11244057897440772;0.08763029062778996;0.09714640609863263;0.11701142056603298;0.1116570657257638;0.09390950647812478;0.1180647072855433;0.14826508651336925;0.0993915315554348;0.1145133269303172;0.0989819976114529;0.12588539820306133;0.11227100838289802
Mike Coffman (R);0.11924968952025007;0.10596597410376796;0.1072740265319021;0.08363460034328311;0.11009988178323528;0.1178039152850764;0.10582790848777313;0.11583166150092784;0.0986800740605958;0.09405299711378053;0.11977380298671265;0.12818104849149578;0.0921917074616774;0.11408577724543302;0.13785432891426316;0.09068379114237232;0.1135712656916604;0.09410642576045514;0.1284217984353888;0.11186155191597401
Ed Perlmutter (D);0.11470480232125765;0.10745214841616288;0.09982796021148234;0.09123843378111353;0.10529620360891807;0.0999622905769105;0.10974095837699012;0.10389003961694082;0.08771208649303562;0.09183592037933866;0.12090012758174876;0.10126326389107126;0.09274747641259044;0.10608771265818198;0.12560608444156576;0.09133454808859576;0.0951826508969033;0.09242898712460673;0.12327683400180385;0.093928200179241
John Larson (D);0.1219472901225754;0.10713285978489344;0.11499832944116188;0.08599396884286695;0.11130173954445632;0.12596977635922912;0.12032388168703753;0.11619634576680538;0.0904555938516026;0.09838663609126673;0.12664585162418662;0.13359528688708913;0.10354047278069904;0.11354544878518917;0.13713514522684606;0.0907637241489666;0.12346503923436572;0.11037079504520976;0.13339255397208138;0.10692216983107344
Rosa DeLauro (D);0.11792747875659515;0.1027679548053447;0.09229106606951933;0.09404983850458354;0.10163511267797257;0.10722396910790932;0.10066755453192064;0.11239269060724667;0.1099170426890777;0.09404717660728154;0.10194581485297953;0.111824775514936;0.0913320153792106;0.09615939533521596;0.13300611395934248;0.10700236797870084;0.09507722398418128;0.09565939438991702;0.1196728506950456;0.0926779825353691
Jim Himes (D);0.1224154834511092;0.1080281962130141;0.1009463456451884;0.09767852070849224;0.10652833877924922;0.10296176794242423;0.09575033688282604;0.11115945787946067;0.0889790624243596;0.09105371690630427;0.12538187020390626;0.11059512072695184;0.09152838959838623;0.09976985246530733;0.14767745386288886;0.10661542718805507;0.10563943867524306;0.09627335382640688;0.12493124259228272;0.09277333161009003
Chris Murphy (D);0.11374811369348385;0.11055352337065164;0.10308158342367664;0.0908097766493145;0.10752233771036944;0.12123814548636976;0.11253724111463416;0.1123496785350751;0.0937899396202424;0.10526600731623344;0.11202095760108048;0.1235035835157406;0.09965942175695856;0.12100031431964585;0.13559166538669815;0.11255956298856136;0.11199021054140126;0.10071802201240412;0.1283292243563942;0.11126884237946782
Corrine Brown (D);0.1198608892795602;0.10978517143965616;0.09601471417810656;0.08531199809913677;0.10196651648554853;0.11016648126139628;0.11093106848562903;0.11506773800067314;0.10372885991462738;0.11541327544712048;0.13143252721968127;0.10720411526936796;0.08647481429876744;0.11314315977244395;0.1689043644583913;0.09811892543066496;0.10994092497390356;0.09138321639565776;0.12034803747754833;0.12048354929801935
Ander Crenshaw (R);0.10256965836646884;0.10444120439513067;0.0926642246186806;0.08144549560278991;0.10155258850279496;0.11144994647381924;0.10587229550027154;0.10080147776333176;0.0730748380398792;0.09683637019576513;0.09733538705337802;0.11453340202040713;0.08295395332640068;0.09165688367497636;0.12018030496700664;0.09404884046703066;0.09963006143604666;0.08944199314850865;0.12589722831876726;0.10399469727469664
Rich Nugent (R);0.09183766843403017;0.08947651024786007;0.0869880609445419;0.08330065677929989;0.09560383288357553;0.0967853484112064;0.09238071589585972;0.09067697465012944;0.08665611722897015;0.08322652183641968;0.10638368414016923;0.0885873104657416;0.08023806678492999;0.08725126974213461;0.13633779728629022;0.08659567098629163;0.08771914012410258;0.07704579617420881;0.10263437987633058;0.08611509579119543
Cliff Stearns (R);0.11671419112419648;0.09953580471992053;0.11044018571876438;0.08516769861718015;0.10510691470248433;0.10420740951940194;0.11031169380820867;0.10796286934259697;0.08454857189117752;0.09315938847399063;0.0956574041388008;0.1146916240709488;0.0841979351470811;0.11667890403793252;0.1462451156558287;0.10321797285626497;0.09753303605092696;0.10453179971235156;0.11887462623938692;0.10311412547111168
John Mica (R);0.11170041874263573;0.09466843369633994;0.09907002746372978;0.08055452709499131;0.096412882430389;0.09086828758060113;0.09884510729109053;0.09587128335031483;0.08734127168325784;0.08270977812170724;0.10916761022478016;0.10853834689599996;0.09344335879365008;0.09509132635736699;0.12929979033374034;0.08307883186169447;0.08893307134940652;0.07918681351577468;0.10190628373505073;0.08316736771378358
Daniel Webster (R);0.14398157456241129;0.1086429885979695;0.12069301857099952;0.10706373681043864;0.1296949629223642;0.13948739122718226;0.12543720343707065;0.14580455817851634;0.09785799225254546;0.11517013274625455;0.1500111942499895;0.1487050613314962;0.10819084809171063;0.15535827185437134;0.17599092856884824;0.1299236082909494;0.14205643617787006;0.12585714209111035;0.14580774397056698;0.13334671519400632
Gus Bilirakis (R);0.08624092315336082;0.09107105657296108;0.08786825634154344;0.07939850134919342;0.09572964754463152;0.09692713039668333;0.09520261413808404;0.08832949141083765;0.07834410579583333;0.08346277171702685;0.09165918056354468;0.0896503071551267;0.0829229768704219;0.08547723139268218;0.10857240018482428;0.078948508597547;0.09334889955215744;0.0858870592705005;0.10044439994032896;0.08694582681387368
Bill Young (R);0.13956339603146284;0.11491057882246784;0.1110283549066613;0.09541899307574417;0.1073782891078261;0.10435943237310152;0.11087919467209492;0.13585237371705108;0.09551201958849992;0.1058018201333903;0.11900532293586855;0.12516987042913855;0.10736512617147496;0.12739364242308732;0.15794296346717007;0.10378517379994072;0.10792764140088687;0.09540691423313792;0.12371212593313975;0.10063000900812538
Kathy Castor (D);0.10515395573655546;0.10381739333937087;0.09535538448792814;0.08532205360689718;0.09706126638727464;0.10254659261914473;0.10696693004183304;0.10938627396887338;0.0991654036718154;0.0873225312445992;0.12013324323680527;0.10613894178126283;0.08689691299027327;0.1036560489812654;0.13533500238717566;0.0915106696953366;0.10602375065302364;0.09108848578601393;0.11809341333437826;0.09407980965731284
Dennis Ross (R);0.1114672620886413;0.11780655106035015;0.10392947835443804;0.09260921491798164;0.1080484255785402;0.10666508977912582;0.09531134864225377;0.11538864808788092;0.08868575644119486;0.07885351389895473;0.11313038696856052;0.11276125829005353;0.08012347912468062;0.1152651945783566;0.14213187464276253;0.08873137481897894;0.11315430661037695;0.09659168447333563;0.11295255461400072;0.10861536412502104
Vern Buchanan (R);0.09078060650089294;0.09341121536826266;0.09717899421552052;0.07830294084588303;0.09216188711930848;0.0929477774971341;0.09852776451143012;0.09495543865101684;0.0858208588859117;0.08195844565222772;0.09891673399832193;0.09582573414226513;0.08259453894005889;0.09065861401074478;0.12013841504363325;0.08100576188871755;0.09350557737654844;0.0921483521370806;0.10451917667979893;0.09001118510033135
Connie Mack (R);0.10994112435641347;0.10066753409314932;0.10778793235316601;0.0980853786421118;0.10226031867834998;0.0986676645233173;0.10388279478078302;0.1238562114778276;0.08990036113469277;0.093411412223106;0.11928260263339732;0.1174290766520128;0.0969566049719093;0.12325896104623217;0.12545826573326455;0.11705710167397385;0.1111727769094876;0.10466919071763472;0.11379491849345445;0.10171013536100572
Bill Posey (R);0.11237346414846404;0.10245574923105236;0.09377305856211984;0.08139054785807373;0.08822930681497704;0.1041705254005255;0.106518409404039;0.09771932786776301;0.08452098597639775;0.10825783479528377;0.09518933080520517;0.10078682392280666;0.08362729437261918;0.0954861557660418;0.11512167806672932;0.08600744923329945;0.10049841602047208;0.11477237321760014;0.11067492357633216;0.1115514565291358
Frederica Wilson (D);0.0979518487702974;0.09781817445838406;0.08946283602827856;0.08736403657312405;0.09291819276951586;0.102404433046981;0.10124153971493494;0.0996199510638692;0.09371587254394416;0.0879399340303432;0.10634215633153696;0.09363580889544684;0.08433091169665663;0.09850078296029184;0.13382731954414853;0.0902315509271664;0.08879758617052227;0.0842091120927863;0.10952499779016994;0.11002927928104728
Ileana Ros-Lehtinen (R);0.13873904652924451;0.14001536704527173;0.11978970083893467;0.09705251918422156;0.1291135950371288;0.1430368355399149;0.16258721263327516;0.14236454034419438;0.11414355566471955;0.12663193691111485;0.13567445232219338;0.1562063539099363;0.104224240896944;0.1389007023068302;0.1618255114347103;0.10951379100963332;0.1455935574715979;0.1343426048162392;0.1433416539822969;0.12878098957011022
Ted Deutch (D);0.11196897612605278;0.1012080080499326;0.08982507371818753;0.08121246592273762;0.10018670184932764;0.10010552436162637;0.12397661246235772;0.10168403121054766;0.07720330962496755;0.08473180750471965;0.1117386949797883;0.11714258901752488;0.08337235601364235;0.09699776258210194;0.12566275517981035;0.08542697221562942;0.09900121953419258;0.09662212142506474;0.11356096133523336;0.0948698383497361
Debbie Wasserman Schultz (D);0.12903191597686856;0.14148054842054988;0.1004781079861108;0.10040607568900263;0.11644297247376345;0.1276706108626525;0.13847805196648136;0.11920239669469812;0.10384419001366668;0.09556504318185767;0.11327088167163435;0.11281231251238415;0.08952400691598847;0.11319460025907765;0.15407636272490113;0.11113794301352524;0.10721546203001868;0.10060957921657723;0.13680062908609836;0.10505580958740032
Allen West (politician) (R);0.137845428894572;0.1158402793535421;0.11132662229680057;0.09805118381608194;0.10949928484274588;0.12881219906998426;0.12407862279361215;0.12760438473265248;0.09630843134208708;0.11731457565590685;0.1476600341256154;0.1350108888938107;0.10950057642728857;0.13612684046666135;0.1824357575592089;0.09883254686340977;0.12865186754023428;0.12436548411833552;0.15027401997675946;0.09541694139463233
Alcee Hastings (D);0.11199463922851656;0.11624322722198907;0.10533388487770057;0.08561173350700182;0.1067637241269198;0.10994149664645984;0.11502837255838698;0.12040509340265028;0.08577111346783459;0.087493099818586;0.12124648175069645;0.11231037005115482;0.08438585407508467;0.10662584497849564;0.134728941043201;0.09433673435318253;0.1061762356863683;0.09338759157131077;0.11939584188415595;0.1105899366522661
Sandy Adams (R);0.09813956913203888;0.08818213807771977;0.08217432023382007;0.07708820340605824;0.0943819242067449;0.09487486339638493;0.10143182589717048;0.08900503810579663;0.09012899784246343;0.07987447787689501;0.09971484352028108;0.1008440239789168;0.07622635818972479;0.08606254499865205;0.12561094383888094;0.08063604101842342;0.08410775316376146;0.08878873931974905;0.10240151434790806;0.08363522611162807
David Rivera (R);0.1079871686839908;0.10485225143192772;0.08376148894418807;0.08508803192729228;0.10682310870009293;0.10898983588519362;0.11754550338803445;0.10054855064323476;0.09052643541083608;0.10070696822894216;0.10215821830377793;0.10943159990871347;0.09376195089616683;0.11212439945038324;0.13118017642270033;0.09942874064087444;0.10556908446090432;0.08648421595163187;0.12386155080065245;0.10498479084098288
Jack Kingston (R);0.11912260814209864;0.09430359118982336;0.10266794195768564;0.08447378813590417;0.10271112992800427;0.11043479532330294;0.10435262569630874;0.11402416381107533;0.09172987365938554;0.10056899125544136;0.11781811702094712;0.10777565206424816;0.10096944956120904;0.11378537360320867;0.14302794476253505;0.09965446623513106;0.0956403261499732;0.08991511168751964;0.12221576256356186;0.10359338063668762
Sanford Bishop (D);0.12627280094433366;0.10216058459795303;0.09557446871011592;0.10122081518512377;0.1017920027703047;0.12063226593540755;0.11892587793441077;0.11069491535551854;0.09244571215943276;0.0953111698366661;0.1118502524566682;0.10832556938786314;0.0829420253548662;0.12026796640248813;0.16042843652374145;0.11740544567642515;0.1273569460479264;0.08988639287255612;0.12640640720845356;0.11774442550093693
Lynn Westmoreland (R);0.11698667199375153;0.11373919743278088;0.10494543890785124;0.08510011562109424;0.1056653317321622;0.12156177944018134;0.12288911273924788;0.1111173270227025;0.09346767828439913;0.11497260730008285;0.11400843006314965;0.11427659751492072;0.10076424012226436;0.1137451062540895;0.14154857890535807;0.10338420079628767;0.10913452609545456;0.09652475897132956;0.12744734517599302;0.1155720641058778
Hank Johnson (D);0.11704628553750712;0.12742188038981708;0.0979404811185466;0.08456718004012391;0.09770416567949128;0.10440903780557699;0.12168459572802867;0.11896887180675905;0.08771669127949465;0.11102142444710247;0.114944632267616;0.11254180131085212;0.08237585484449128;0.11115490921966767;0.14958900325919927;0.10157391524321137;0.09783474314332674;0.08723931627746552;0.1203396161850008;0.12071963612410515
Rob Woodall (R);0.1055448452881466;0.09764848632756473;0.09076920028448393;0.0796746264611326;0.09434568946652078;0.11490215273782757;0.11069660839995647;0.0996220070970947;0.0848428420051549;0.109455152421975;0.10705803703159608;0.10609832788071627;0.0826357603722091;0.11348923620796758;0.11549622256482768;0.09410427647909517;0.10802552836364496;0.09457260591142172;0.1172133927399786;0.09398180540206716
Austin Scott (politician) (R);0.10919380637062004;0.0933188229363376;0.08768754573690324;0.08692033183037813;0.09617848617309044;0.09157830690033464;0.10116612838952063;0.08881010852283804;0.08584329732474291;0.08434067270196692;0.09543216240879808;0.092687444100699;0.07666508971841976;0.10494239739743408;0.09867144865285177;0.09441145057796983;0.08787670759953932;0.08811156724666114;0.10698767978183917;0.09018132000256676
Tom Graves (R);0.101777262843695;0.08928225037117858;0.08359516871748587;0.08059580285899473;0.08516204289612386;0.11135842356322972;0.09817163480596512;0.08957789543530452;0.07991881429716502;0.08002662629280921;0.0953026251054702;0.09063138029489062;0.07553831393342282;0.08601842329070325;0.1107572329034956;0.09223759522429392;0.09084705175063636;0.0820365844599249;0.10489702265730272;0.08219338763049504
Paul Broun (R);0.09117794592272714;0.08677969997324309;0.08434367833202744;0.0844039452944533;0.09171711347454092;0.10777215705061134;0.10399249868367744;0.0928868078106846;0.08515129541750223;0.08348204545966506;0.11099903366421518;0.09925768615493667;0.07579607851483883;0.10049431408157006;0.12345761197128037;0.09371396716373027;0.09019823603115296;0.10988902927550613;0.10552075176307243;0.109269951183091
Phil Gingrey (R);0.11301029961839285;0.10016177954977852;0.10322077860534297;0.08239565184185661;0.09818070976224323;0.09628583734992084;0.09902619140455464;0.11471251739985527;0.0872019170841269;0.08885613267636032;0.09917948271586308;0.1020248916475477;0.0807778038270302;0.10879790469695404;0.13393379451859594;0.09167543562740296;0.09751957867556374;0.09110464737621043;0.11275322670972455;0.1006466275643364
John Barrow (U.S. politician) (D);0.11505629745085102;0.10364072086166487;0.0979521450999532;0.0882120979863142;0.10232782523241754;0.10108436574167144;0.11350958994656984;0.10885046209224396;0.08561456771788667;0.08796773195470434;0.10339959653605446;0.11266889053372756;0.08268378682828961;0.1000078356854178;0.12440618404457054;0.1036490022715038;0.09984420856734083;0.09456826352907496;0.12656488158166446;0.10251646782664807
David Scott (D);0.11203140393007104;0.08796725871885758;0.09946566224661377;0.08422478050978867;0.09559194607048843;0.08300460115725992;0.07417225725520074;0.0945254132712932;0.08463295541356276;0.08882824777048626;0.10401199138415093;0.0973306579461722;0.08443255702527189;0.10100857559723543;0.12444354683252055;0.08654693932032888;0.08347398634771687;0.07381465946299748;0.10504028725476253;0.08742232144558901
Mazie Hirono (D);0.10947005120237707;0.10283848682102674;0.0904697597656528;0.08127849245225957;0.0999035507184282;0.10542993551387994;0.12217172162332073;0.10515164086444044;0.08333386476813467;0.08818867946290347;0.10378203328097338;0.11450392521304648;0.07617374957838871;0.0978274434717599;0.14630175230075249;0.08968039211547962;0.10125155537036493;0.09335117776252268;0.1164915953688166;0.10035016712823976
Mike Simpson (R);0.11463562595300612;0.10465714605003193;0.11008553068862277;0.08422729354464326;0.10950447121443004;0.1114433850360364;0.11938446785053315;0.10208722562219327;0.08697042625455212;0.11092030183925802;0.1110198014224031;0.11715476948211885;0.10034138312171642;0.10406022130470163;0.1450399322468086;0.1016375498947276;0.11175118958060808;0.08814130215784785;0.12559973213654568;0.12051127104466865
Bobby Rush (D);0.10753223796963036;0.10221620024311358;0.1023730661461788;0.10773874534250626;0.10424528178448436;0.11249653316489304;0.11435466424218962;0.109604626663784;0.08444466485758664;0.10885347533586373;0.11134612274270354;0.10206097847062784;0.08202978955500871;0.10435173379393514;0.14187287339153393;0.10904803955271576;0.10452306825224286;0.0993676509919382;0.12141912323537705;0.11726916571753668
Jesse Jackson Jr. (D);0.12855687416114533;0.1234933080140441;0.10789951669942477;0.09093789540189967;0.10979484015788496;0.11870129045674065;0.11709139562713147;0.12549196779029526;0.09784184842927113;0.11667791334354607;0.13050672019875995;0.13047030399793147;0.1028521305331847;0.12461780066575967;0.14117904013286625;0.1073799741162952;0.12064239596358632;0.1060252652029583;0.12905302556262224;0.11413458280321526
Dan Lipinski (D);0.09242444959186484;0.08975012015042165;0.10045795716281504;0.07927192762244628;0.10155016942695956;0.1255893861989556;0.1327166847316814;0.11049691764608063;0.09055494682165176;0.10840729921902048;0.12011329583402393;0.1175006981255573;0.09516940065701038;0.10745394687201294;0.12362755428414796;0.08459487921246614;0.12370221824995024;0.08973378652678904;0.11938129405763365;0.1048918762039006
Luis Gutierrez (D);0.11604854448214615;0.11443620830354433;0.11121482190790216;0.0926034648158452;0.11694377970766374;0.11690398052427092;0.11149511969663588;0.12651790517149436;0.10356805174594133;0.11336193770754185;0.14037507856858894;0.1306625387317572;0.1058201706565163;0.12010854968609352;0.14059147085315607;0.10332177505135776;0.11624038541583705;0.09257945684367996;0.13730932518520014;0.13438547512112553
Michael Quigley (D);0.09684303910962204;0.0949853886271018;0.08642374127675874;0.08242290785498271;0.09138327816807236;0.11068537702518187;0.11060319132718592;0.09693323208946444;0.08495928434105324;0.08428590300378162;0.10119349656352823;0.10371749571368727;0.08005296401478265;0.09349047864265787;0.1254079772364224;0.08485022313692978;0.10315860776734756;0.08831034945758914;0.11147560344801608;0.09085941472310632
Peter Roskam (R);0.09872772525079547;0.10792296730859807;0.09378269434799633;0.08118320793200394;0.0960920448063036;0.1113433942100088;0.11675533386964715;0.10632213445033584;0.09135042265670157;0.1015126322441216;0.11924134920903705;0.11513069802560368;0.1017939528471928;0.09946786388079516;0.14494041043997147;0.0876553457394535;0.1045608777152398;0.08796519290881502;0.11679595463925292;0.09406350578402124
Jan Schakowsky (D);0.11097501750753272;0.11292155325472078;0.10791852244013224;0.0900851955777047;0.10593614977994853;0.1163491609939888;0.1116178864623237;0.11379588749865885;0.09889913638433448;0.08912017746610149;0.112830822069236;0.11382914418408127;0.08490929850611215;0.10935870389627986;0.17062001624930512;0.09682010950376116;0.12238040691389256;0.0961132984401388;0.13110255424803796;0.0952528219677529
Bob Dold (R);0.09968249968169413;0.09615083716542716;0.0872918728157981;0.08692380665421995;0.09239555434012277;0.10673461784135692;0.09566745909435093;0.10072889216141363;0.09483627632798264;0.08303713849783267;0.10644325191438653;0.09850866029676944;0.0835339502370084;0.09844073685641264;0.12747454419098625;0.0915971834957883;0.1050792039056896;0.08281489071777925;0.10946409080349784;0.08404271828085758
Adam Kinzinger (R);0.11231269715297246;0.10139652392095372;0.09850884749442776;0.08500800406274849;0.1062648042230664;0.12337739704017554;0.11025891785779783;0.11353070274543893;0.08767814694403339;0.08628182630483569;0.11182560107277707;0.1192273117326457;0.08917010693711573;0.10954654233246013;0.14232174242673853;0.09473385706735493;0.10415611149308683;0.09289263563466783;0.12798865871226947;0.09850353467171193
Jerry Costello (D);0.11084227971239953;0.10026055015342314;0.08636261964184395;0.0883303566615436;0.09308077389216653;0.09708050707330236;0.101479676502795;0.1074146531931685;0.07815205874117412;0.08197649101507883;0.10432738697974474;0.1125314362019177;0.08114294730877789;0.10238355859353973;0.13964492551807808;0.0946897945874212;0.08644403460121136;0.08129406323226138;0.11689393105491735;0.08565106025231745
Judy Biggert (R);0.09656523046644087;0.09016614538911227;0.08423571080825283;0.08079349991596699;0.09749529702629592;0.09498937735969272;0.09217779084143478;0.09490152704249263;0.08733926438602392;0.08354693209699593;0.10537949206961764;0.08793089363473898;0.08320878115254708;0.08967306714910478;0.1331332352945061;0.08655997383443863;0.09283921388035273;0.08310839950563383;0.10369266973714486;0.07821499416863475
Randy Hultgren (R);0.09247948508336017;0.09386294724737526;0.09361019876864234;0.08153931945304954;0.09185292825334457;0.11060883931398133;0.11707343021149058;0.0987922735407584;0.09976700523228116;0.0907115202171624;0.10416416727708183;0.10319247509865401;0.08544989736608483;0.09422663940102137;0.11414447826522095;0.08602307555669303;0.11187311946081772;0.09333008130383473;0.1168926095708104;0.08887401364315621
Don Manzullo (R);0.11706119672596955;0.11101603991380334;0.1025806784957844;0.0955510918770939;0.1028788439438872;0.1342448338378237;0.10676803861061762;0.11463610560612933;0.0850626058175521;0.09494948215177916;0.11699202138744667;0.12180706575299625;0.0899638179105266;0.11136300179195828;0.14879035037922222;0.10161060346804276;0.1179022211753871;0.09392398128428137;0.1258017029354223;0.09441293620621123
Bobby Schilling (R);0.11101111863255164;0.11566648417547433;0.09627699384071818;0.08890898580694973;0.10400681034874228;0.11998101691434225;0.10743176914141496;0.11669995388670383;0.09238562317154456;0.11509911142555655;0.11765437253653628;0.1123490268412026;0.09125579354940752;0.10660558112966084;0.14354399666392265;0.09682418368670268;0.10883529365041963;0.09207266234713624;0.12632313577145626;0.11776495950695905
Aaron Schock (R);0.11038617835899986;0.11637289525431008;0.10161995360031267;0.08887276359561319;0.10052350805674944;0.11574079041918628;0.10920114518519827;0.10922336518705804;0.09497061908671936;0.11783737184079697;0.11920278581554472;0.1155172643340056;0.1011768153600342;0.10580622826973914;0.1376371694577653;0.09900296578360497;0.10383266546381968;0.10098968730950468;0.12895975819248895;0.11523299490322292
John Shimkus (R);0.10355286902169937;0.10154411337511553;0.09492424998444238;0.09306537768279688;0.09918223623384703;0.10571610403683364;0.11124559420043664;0.10464286189090413;0.0926867439902748;0.08670334391694352;0.12406406794899405;0.1088404639702617;0.08522317966051088;0.10391367582547674;0.12754196460932635;0.10103414826227;0.10161332300704372;0.08914423516404113;0.11670129770040458;0.08908754191868085
Pete Visclosky (D);0.10575313200817203;0.09256700175435856;0.10257394068157018;0.0779995751143808;0.09084426393038393;0.08784492914146591;0.1028634417900335;0.0883776308640348;0.07620582813539245;0.0813368213680567;0.08256601354140106;0.09298639161797406;0.0792773443203268;0.09096253901641643;0.11461592244229715;0.09128252332767872;0.08443438971920396;0.08547650377241409;0.104078267430017;0.10178874931582824
Joe Donnelly (D);0.10633078760802736;0.10718957396885563;0.09771125631537972;0.08207077328298244;0.09566611224418314;0.1147684180501192;0.10791417667744284;0.10530147190164704;0.09201777597034197;0.10012180708050204;0.11809768321788228;0.1103597002947811;0.0977898582503014;0.09988689001312814;0.1286565640767819;0.09773187558734783;0.12214654301296528;0.09087046104339387;0.11846696079327824;0.0896128798303655
Marlin Stutzman (R);0.10783626744004284;0.0997069173544589;0.0932241303115406;0.08411409546797692;0.10164846946883987;0.1016239186983126;0.11569791729962305;0.10010580294283604;0.08113710898619167;0.07305431334313589;0.09534193085047314;0.10622427467291642;0.08028696281023681;0.10108988949669634;0.1139178340186621;0.09907798553562183;0.09572350456031414;0.09673327905473247;0.11607485982169477;0.09438703932882844
Todd Rokita (R);0.1012370748835726;0.1064443791959052;0.10251452411122952;0.08609622259331826;0.10523596494047084;0.10536223533280188;0.11590995225555968;0.1008392539633688;0.0929595898156449;0.11387421040808204;0.10102986878299317;0.11096269962000224;0.08662772223993588;0.10408839835150437;0.12740986370945862;0.0989766118314682;0.10689887080445644;0.10318946960725807;0.11980349093264575;0.1161765155498039
Dan Burton (R);0.10673199768420928;0.10486678088612487;0.0989513293637906;0.09209873116869847;0.09886160268411487;0.11348053902992696;0.1060849140475397;0.11038653358080723;0.0842565173845147;0.10938551899161814;0.10334577644331162;0.10521009973727266;0.08220086317666006;0.1094076560016784;0.13957182868212056;0.09376743254842987;0.10984696134212477;0.09342632571199667;0.11394477747060855;0.10446219677587583
Mike Pence (R);0.13132539993804113;0.1171712459940474;0.13231729430419667;0.104559726641168;0.11999808293912342;0.14017714333286094;0.12234267915726248;0.13252548348211196;0.09975104598055423;0.12016387220758445;0.14075355052259014;0.14144780102617174;0.10729026720787394;0.12741812195673732;0.14937718189586124;0.11842300149448645;0.14445997664502064;0.11868432676511198;0.13603273414092482;0.12075687362927125
Larry Bucshon (R);0.0935308759101825;0.09894001749716147;0.0956570938745679;0.08716650238599465;0.0976205095794973;0.10996561186647796;0.10101044033127632;0.09819593631714596;0.0911328799593214;0.08462858632877693;0.09585145687161314;0.10654539586819216;0.0829838255965303;0.10185035578807;0.12209585208802733;0.10180657610398842;0.10561200393516433;0.09746705655559712;0.11282387266512678;0.10135228929844796
Todd Young (R);0.12762679401398416;0.11939954012562268;0.10689741706309012;0.09054794362188563;0.11322678792086525;0.148661039488265;0.11622384688496624;0.11947723440103215;0.0939236157371982;0.10768326403260237;0.13213859252139332;0.13838769018576036;0.11199214632152432;0.1078734524682174;0.1534522068700299;0.1098054244871684;0.1218305462495638;0.08977001018791397;0.13272266807919242;0.11262575236540452
Bruce Braley (D);0.10005420108230254;0.0985324413270965;0.09319361750205653;0.08048099752618328;0.0934727256650637;0.0962059980606712;0.09431477482516508;0.09622170800052636;0.08263350479009171;0.08829374865528329;0.08768980365660839;0.1007273528081468;0.07690914076034733;0.0960419529092653;0.12300437370653948;0.09133298328634414;0.0884662360351256;0.06973382616161627;0.10646935412943276;0.08944221131640756
David Loebsack (D);0.11122349156459403;0.1066075077417711;0.09880632026999588;0.0847726435970336;0.1070878882501117;0.13155293554027128;0.11468965354817713;0.1097569237380754;0.08881019049630405;0.08972755779488831;0.10764278639924668;0.1229140506510934;0.08640940826909563;0.11177834627764946;0.15094168007386344;0.09884978170638868;0.114945858851526;0.09250248689021652;0.13537206303386606;0.09347003798145448
Leonard Boswell (D);0.11485415233840575;0.10953859201598236;0.10253883659199788;0.08708874031414005;0.0982112976698538;0.10892021136102396;0.10454854797178224;0.10876469607834832;0.08764079308782123;0.0915213360555849;0.1136723481139594;0.1064997854656264;0.08634565549504182;0.09777070239407698;0.1552319053490287;0.10156194662340116;0.107934988870755;0.08865864448841672;0.1160919903000602;0.1028052170837196
Steve King (R);0.11578900521142292;0.11145696134583556;0.08871394470229342;0.10633367857060484;0.10455780272790847;0.1329705629997222;0.1254035393161854;0.11693942093263375;0.1029701514702742;0.12184158035034655;0.1104834133075818;0.11534950480631488;0.08155051170262395;0.11856621539543992;0.1557292533032521;0.11410902451731172;0.13820653921705967;0.0973606124989829;0.13235893736409546;0.1405986887498381
Tim Huelskamp (R);0.12054346160562325;0.10242780254140288;0.10418175730844813;0.08347439726992248;0.10230794945491496;0.12552657998850758;0.1017316643471407;0.10243608847625472;0.08984527941693153;0.0892949988600865;0.10602070134424997;0.10553057719261494;0.07949179507589045;0.09954229279232116;0.12961148004081308;0.10122500607435794;0.10128672942320754;0.0995573496307426;0.12175893223120784;0.09467261907626964
Lynn Jenkins (R);0.12098352087019874;0.10052199644344263;0.10659104159609836;0.0885394018067159;0.11001551051613292;0.1299132805497086;0.12378180017078386;0.11400785680087935;0.11379771476735805;0.09942720840903592;0.1104177903785778;0.12125021529421642;0.10060038658611536;0.12148080269191365;0.14927249558206135;0.1057661554974758;0.12261602704864265;0.1212962519105814;0.12943546512873788;0.120528834954097
Kevin Yoder (R);0.11346544431000236;0.1063632192654772;0.10606042756617258;0.08505470194935225;0.10211957101534852;0.1053083950176514;0.11808209643491095;0.09870440877969774;0.09060662480108612;0.10903020454546401;0.1195691703582113;0.10666091876652592;0.07934585602819569;0.11075493195008827;0.14149820218126505;0.1024091002813931;0.10224137174297827;0.11170487980384844;0.1172655637734666;0.0948049689600094
Mike Pompeo (R);0.12090757030137275;0.10044607711263916;0.1162391291939454;0.09966565336850088;0.11378596214605535;0.10778602189165053;0.10831508972353927;0.1124034949714552;0.0919834622857068;0.11906831708515825;0.12984011017323802;0.12589508543568234;0.09639128292031628;0.1208700274379275;0.14256185615563127;0.11785639110291628;0.12737835713392168;0.12658404266245307;0.12874615745977755;0.10742658558966724
Ed Whitfield (R);0.1370040443192987;0.12281975385600988;0.1227715969281958;0.09662047965416198;0.12488352608254218;0.13296619388710829;0.13587136636307853;0.12824212471770274;0.0916205098686086;0.11597158435490487;0.14068784266850382;0.1369806383906545;0.09988238511119847;0.13176202689189745;0.17998185328508576;0.12077208768107547;0.1166576438261879;0.12029319536726844;0.1461234481710664;0.12682867536320389
Brett Guthrie (R);0.09320842717264656;0.09312400860924427;0.09120898736717244;0.08505098948395726;0.09244298053113056;0.1050032895717879;0.10433868146745208;0.08921465069257474;0.08845233692936981;0.0882215615280793;0.09924164743433464;0.09854637045157537;0.08867703217901317;0.09452508010851454;0.11652843952524135;0.09531500221001138;0.100055832143056;0.0928485652214384;0.09917825887511043;0.090861676140263
John Yarmuth (D);0.09705677641391901;0.08702372377727742;0.08594312321817676;0.07669003598675772;0.09169309924158796;0.09925846989326424;0.1019140848105556;0.08962259285788529;0.08467444655200862;0.08715326501205542;0.09961895470210468;0.09625071181268097;0.08536211037769978;0.09713633822649508;0.11647131631576613;0.09246735574532124;0.08418403461073662;0.08635234417434247;0.10519847627797754;0.09077056154713856
Geoff Davis (R);0.10275047509746474;0.10525425619693064;0.09661629019496168;0.08226514753569436;0.09844687247540744;0.11266226759658216;0.10922489466437507;0.10468667274914972;0.08921297104797428;0.0922634251020204;0.10489462439309644;0.1069346642905128;0.08004948820567973;0.10634892764863907;0.11768551876184667;0.09411502803955002;0.09995598153323854;0.09538024438203184;0.11228604961151673;0.09513357672575863
Hal Rogers (R);0.0913220323202038;0.1024211529195989;0.10505125733203732;0.08390368557942854;0.09980948438383257;0.1092132911061455;0.11220080694783917;0.1127415540568372;0.09099904965245917;0.11034372475860883;0.1110516218017948;0.11650360218348195;0.09816772315345997;0.11642503108199605;0.1454396279904536;0.08285537943828775;0.10467526888960328;0.09396971736497646;0.11238813534942248;0.10316782796226126
Ben Chandler (D);0.10926447742308963;0.10270486566173448;0.0952918352659541;0.08317329384845405;0.10103033026982963;0.10547599452369637;0.11529726723449447;0.10329018678997663;0.08690290048925571;0.09163470983317644;0.1152217975211425;0.10633702541839042;0.09061437976251363;0.10925582876745857;0.1341213097159774;0.10016068911800001;0.11450128839656525;0.10335361112858553;0.11826799512608895;0.09999127767471587
Steve Scalise (R);0.1247013720589428;0.1218070923496782;0.08479224792245081;0.08959099182774227;0.11183647573479494;0.11221640984957826;0.12293239179665395;0.11649555180227655;0.09994800854252227;0.11459503602599624;0.1320729853740833;0.10029100432468968;0.09979407362235912;0.12449827524398585;0.1665019976689439;0.10793290966231267;0.11047729069828686;0.11704482183288036;0.12722813163732133;0.12668919485838692
Cedric Richmond (D);0.10998008017500707;0.1043601818553899;0.09222036286325946;0.08308008496096339;0.08835472976307207;0.09972642686080427;0.11647910016145092;0.0991373176897532;0.08536388234380096;0.08837172914145539;0.10689904708860948;0.10527551091659873;0.08761990639967747;0.10384257353287643;0.12730965771565267;0.09732667165219204;0.0918661175982782;0.09034713235959883;0.11382247363131655;0.09266563070232434
Jeff Landry (R);0.09717289121635296;0.10135439614798517;0.08477469925978062;0.09403546800198484;0.10900811360089524;0.12236242723938726;0.09580125132212217;0.10494595756393343;0.09514644250848056;0.09670732877745457;0.12182975299369322;0.11473518071249778;0.09192810707451082;0.1050299458005462;0.13532691486569934;0.10507389352163088;0.10582071243720162;0.0974455626334048;0.1237404019270026;0.09565912454288597
John Fleming (American politician) (R);0.12756072799154922;0.11900022553032205;0.11373842165667407;0.0973914222724764;0.11232032188679042;0.1425712113059355;0.1209700860837152;0.12910954362948085;0.10233553508343354;0.1095733852258464;0.1349223074083679;0.13618536804160705;0.1025546767884147;0.12266549685292776;0.16725275766004613;0.1180946988838098;0.12963323373617752;0.11039442318304672;0.14185329305617927;0.12201442939558775
Rodney Alexander (R);0.11879356678352898;0.0962236288432404;0.10867447549519567;0.08104082651897815;0.10523978216338743;0.11252499653358722;0.09491105634960448;0.10457472961835984;0.08732550788667068;0.0931111646941202;0.12160586434360796;0.10529199762272508;0.08449199580373884;0.11063997415429813;0.16754682533938786;0.08996421026277558;0.10552408272089824;0.08355091069788614;0.11890136637412335;0.09481072944490973
Bill Cassidy (R);0.1125593760390166;0.10010917552644223;0.10770627306420504;0.08621166043793038;0.08743994374998776;0.10841864197668473;0.1120381616335724;0.09856317253861338;0.08613681027361733;0.09244516847341457;0.11028551584777144;0.10643369149296507;0.09006158483572378;0.09979232279717737;0.12200547698562644;0.10102745414271336;0.09662291754919697;0.09823661961811836;0.11939040408151995;0.0973233576689432
Charles Boustany (R);0.10538213926744733;0.09995632615216488;0.0893231938114272;0.08172880461925731;0.08538553234431179;0.09595004169617828;0.1086426982065462;0.09753720911562172;0.08594056508616946;0.08946829147383062;0.10570752463300948;0.099914396509851;0.08573962552041403;0.10150788132382492;0.12762989519038148;0.09728545657721048;0.08816679197006133;0.08846962191062133;0.10984829090366632;0.09483821180089724
Chellie Pingree (D);0.10520330679146343;0.10116608194740644;0.09363128946131967;0.08127309858181643;0.09689663108038213;0.10696552703589034;0.1112517106236514;0.10472160331135907;0.0983493134825406;0.09152662597125498;0.11036024347312938;0.11471508191411985;0.08987427304971805;0.10616502364692136;0.14055909549081136;0.08559431206688359;0.09814147280773948;0.09425416117489556;0.11907340764651565;0.09242023739061027
Mike Michaud (D);0.11471227729787654;0.10858805693476524;0.10423194141310888;0.08719924398760416;0.1074867763322703;0.1105706163682256;0.11179356831278864;0.10503017630472183;0.08755154051277797;0.1129949366475559;0.1234754520518929;0.11781563330826407;0.09908381587472197;0.11032892913304204;0.15703759197157796;0.09322982366032308;0.10358143984110084;0.09619475266861544;0.10949819441579373;0.11510042575128382
Andy Harris (politician) (R);0.10985548324185504;0.09911935456312282;0.10245473024525806;0.0820309888775004;0.11017511876541383;0.10488823995853604;0.11054624511714743;0.0997722067548033;0.08966539767833223;0.09319960469815128;0.09824156323990124;0.10158932797248332;0.08462583048559763;0.10077061920506443;0.11940790350993058;0.08970024139555205;0.09762818827695187;0.08778352980341023;0.11297671802593133;0.08888173433893305
Dutch Ruppersberger (D);0.1035214388447268;0.09887758503202984;0.09109428461369397;0.07989121011866063;0.0973710556748076;0.09861351549966356;0.105048976113255;0.10249174306803874;0.08061827402167615;0.08665351013156257;0.09346404963259923;0.0994876272856585;0.08405771884959735;0.10323641729995536;0.13121133752612288;0.09393640692569497;0.09323179195256097;0.09313783451199327;0.1145359487189442;0.10298300118580984
John Sarbanes (D);0.09792148150636418;0.0819281607327858;0.08875543487117796;0.0784845441238354;0.0906412003065478;0.0939926637172264;0.09732520122657007;0.08965528500812796;0.0807586588710854;0.08193929986847354;0.09423730856362277;0.0954183391154831;0.08157475254881646;0.08950274456005182;0.11028588293100693;0.09007817122977553;0.08907616844823765;0.0902134025178014;0.10748515235940924;0.09788685425587088
Donna Edwards (D);0.09738426742689453;0.09678144420507284;0.08682609014216895;0.07516278220493748;0.09341122592490086;0.10481809497302734;0.12432046518615257;0.0968934157632807;0.09520177405222473;0.08762764135787006;0.0994481180786994;0.09657077505974253;0.08963150955853344;0.09316793128665417;0.1321979756197413;0.09217041770133856;0.08616110873893362;0.08313834343502816;0.11633058244810818;0.10438428651467713
Steny Hoyer (D);0.11637408463762434;0.10883765508938577;0.10182007501781502;0.08323096452032587;0.10485049038832116;0.11379292352377368;0.0965238704386154;0.10695722963845808;0.09129761062463604;0.11028037167474616;0.1179458231343931;0.11671212459294154;0.09648050526995353;0.11406430469125288;0.15006974705204176;0.10196000793853063;0.09814239462921677;0.07627146249133165;0.11971203807995273;0.11050547931929153
Roscoe Bartlett (R);0.1133161618148226;0.08839253977603169;0.1005644599088284;0.08507799083934413;0.094414029341499;0.10570555823161087;0.099160640726749;0.0952522988606976;0.08818198518895533;0.08350783481631889;0.09080410235007222;0.09980096469667897;0.08460775548108569;0.09336497014764654;0.1197978266045094;0.09949469503683464;0.08757265283138413;0.09257312052989322;0.10879836603551064;0.0847744245317999
Elijah Cummings (D);0.10984885121202896;0.09433783607907337;0.1012141547054514;0.0828547744127654;0.0942013788084292;0.09729661214888673;0.1149106492240556;0.093757697285844;0.08197249043489796;0.0832301300592142;0.09020245294303103;0.0990978218249117;0.08825013839476567;0.09208452976085343;0.1169785299575429;0.0954773699568436;0.09771441273986764;0.09374504256444936;0.10906423221904124;0.09763688929904793
Chris Van Hollen (D);0.11159715918695498;0.08854761002870433;0.08836859975162054;0.07918869554712503;0.0939411910188569;0.10651030913363944;0.0946159783662222;0.10042600833190328;0.09074803516275327;0.1077255282600012;0.12030380025480912;0.0997193033752864;0.08162370465082938;0.0971854838415264;0.14234850746686664;0.09701616158636744;0.10033252115817372;0.11283204623190678;0.11915435475486245;0.0882324482932576
John Olver (D);0.1104375139182876;0.09810069050682699;0.0957440498861066;0.08950313306028944;0.1037939448937788;0.11052757137575464;0.11052883127351604;0.10580592846682273;0.09222891680929657;0.11813508971901328;0.10411885440796684;0.11664230206644333;0.08900313985657107;0.10248147405033127;0.1476480447995145;0.1065378221667522;0.10420510684619756;0.10027337521866476;0.1186716094802086;0.11180048306113988
Barney Frank (D);0.12782173571544966;0.14646433748819296;0.11821570071107165;0.09510998161047987;0.11008547946352792;0.12486609262243285;0.13579187490427852;0.12605374730226349;0.10702520731464096;0.11571857428677168;0.14437275050343332;0.13497843968272058;0.10293034421665063;0.11888940669950415;0.16111286695986832;0.1133083742064102;0.1290781099839463;0.10528128015833517;0.14582812027628028;0.12376054327873602
Niki Tsongas (D);0.09710480059586113;0.08332319031813656;0.0841768681909593;0.07826920835866041;0.09097107090010728;0.09417862689568313;0.10125043999479648;0.09532946429533708;0.09197502487382657;0.08403557143858151;0.10462059766370024;0.0963340811158179;0.08388641829392357;0.09177359366246808;0.11091824073860178;0.08050086306207001;0.0995672750594734;0.08719632353403604;0.10977247182302784;0.08510577607940101
John F. Tierney (D);0.12819153836742442;0.1031310355166347;0.11078755989141613;0.08849547497018391;0.10661308895417654;0.1099637208363494;0.11948174641008573;0.11454163616070992;0.08748028687692737;0.09203652806644977;0.10745717236492866;0.12264541919105434;0.08621852631920582;0.10562715497893244;0.13772609239805156;0.10524969038030604;0.10040524573440078;0.09826705202766434;0.12588711697284094;0.09615133306254076
Ed Markey (D);0.1161945275364296;0.10124630262503884;0.09769043672406076;0.09101311434306288;0.10585424215094227;0.10994704367143668;0.11501827743258773;0.11244958166065004;0.09565551124370668;0.0955683646726307;0.11488929147435377;0.11620741000090595;0.09222916758146152;0.1014471602474933;0.16385308672279011;0.10825147211991518;0.10206889413056416;0.09537938733674828;0.12994547554405947;0.10170032875486557
Mike Capuano (D);0.11513631258338658;0.09347172640972287;0.09843967227262808;0.0909764739574022;0.09864243847925258;0.10532912097529827;0.10352647953256247;0.10305084269662032;0.08492053013638992;0.08904226408081041;0.10431035382766476;0.10671366119967454;0.09345340534119784;0.09097164162257683;0.12153663048218658;0.10489224521174308;0.09925227547919324;0.08920284317572579;0.11473129370195714;0.09331690600103827
William R. Keating (D);0.10745883916560728;0.10820872456056044;0.09889201995413126;0.08313492529606419;0.09906903662119372;0.11255391068325317;0.11872336847176765;0.11340740425349967;0.0948253210466982;0.11145569141695848;0.1208508289711809;0.1165382319567032;0.08797916858173832;0.0946634771480958;0.12956005068882054;0.098255595944566;0.11284864905697488;0.09188887259953936;0.11955288026107523;0.10037668064827188
Dan Benishek (R);0.12195622950816193;0.0999730112510519;0.10444865287300624;0.08347351152575726;0.10077732422336416;0.10877251463164396;0.1131451670162522;0.11001217336634887;0.08423459162341876;0.0929684193901717;0.11828282378532627;0.10910136012742344;0.08423953263369742;0.10634589741267517;0.1377130826281202;0.09165926142568298;0.11016729106137263;0.09551240431156398;0.12249735920386808;0.09726995139436297
Bill Huizenga (R);0.10150608033096432;0.0832275206316525;0.08081871797030535;0.08594509746142577;0.08680404727436777;0.09904104915419504;0.09596981637369786;0.08825602599149188;0.07982967892667944;0.10671884995444607;0.1005664806371432;0.0854139131024324;0.07520637083732838;0.07784963422969388;0.10936489164318343;0.09128459953774637;0.09351802129899324;0.08221973705753803;0.10043179186450954;0.08235565164981977
